,,,,livemap/?zoom=9&lat=,,,&lon=,,,http://www.waze.co.il/livemap/?zoom=7&lat=,http://www.waze.co.il/editor/?zoom=6&lat=,,,&layers=BTTTT&marker=true,&layers=BFTFFTTTTFTTTTFTFTFTTTTFT,https://sites.google.com/site/avrikaspeedtraps/home,,,,
,,,,,,אין לראות בקובץ זה המלצה לעבור על חוקי התנועה. אין התחייבות לדיוק הנתונים. השימוש באחריות המשתמש.,,,,,,,,,,,,,,
ID,Longitude,Latitude,Type,Speed,DirType,Direction,NameEng,NameHeb,Road,RoadDir,Description,ExtDescription,WazeLink,WazeMap,מצב אימות,צורת אימות,כינוי מאמת,תאריך שנוי,מהות שינוי,
,"מיון המצלמות נעשה לפי מספרי הכבישים ובתוך כל כביש זוגי מהצפון לדרום, בכביש לא זוגי ממערב למזרח (כביש 44 חריג ממערב למזרח)",,,,,,,מצלמות גאטסו,,,כבישים לפי מספר עולה,קישור לאתר המצלמות,עדכון אחרון 8/6/2013,,,"הקישורים לחלק מתמונות המצלמות, בטור מצב אימות, הנם מתוך האתר של מיצו ובאדיבותו",,,נוספה מצלמה,
84,35.25743,31.79741,1,90,1,160,FixSpeedCam,מצלמת מהירות,1,דרום,צומת עם 437 והפניה לעיסוויה,,קישור לקרטוש,קישור למפה,מאומת,משתמשי וויז,מיצו,21/05/2013,נוספה,
1,34.92381,32.58209,1,90,1,210,FixSpeedCam,מצלמת מהירות,2,דרום,דרומית למחלף זכרון,,קישור לקרטוש,קישור למפה,מאומת,בדיקה בשטח,levin/giora53,,,
2,34.91654,32.54429,1,110,1,10,FixSpeedCam,מצלמת מהירות,2,צפון,ג'אסר א-זרקא ליד הגשר,,קישור לקרטוש,קישור למפה,מאומת,בדיקה בשטח,levin/giora53,18/02/2013,מהירות שונתה,
3,34.91464,32.52507,1,110,1,193,FixSpeedCam,מצלמת מהירות,2,דרום,דרומית לג'אסר א-זרקא,,קישור לקרטוש,קישור למפה,מאומת,בדיקה בשטח,levin/giora53,18/02/2013,מהירות שונתה,
4,34.88907,32.43293,1,90,1,18,FixSpeedCam,מצלמת מהירות,2,צפון,דרומית לצומת אולגה,,קישור לקרטוש,קישור למפה,מאומת,בדיקה בשטח,levin,,,
5,34.88577,32.42187,1,90,1,193,FixSpeedCam,מצלמת מהירות,2,דרום,דרומית לצומת אולגה,,קישור לקרטוש,קישור למפה,מאומת,בדיקה בשטח,nirzon/tsali78,,,
6,34.71427,31.70251,1,90,1,250,FixSpeedCam,מצלמת מהירות,3,מערב,צומת עין צורים,,קישור לקרטוש,קישור למפה,מאומת,משתמשי וויז,nirn86/מיצו,15/12/2012,נוספה,
7,35.09242,32.97152,1,90,1,184,FixSpeedCam,מצלמת מהירות,4,דרום,אחרי צומת רגבה,,קישור לקרטוש,קישור למפה,מאומת,משתמשי וויז,levin,,,
8,35.09382,32.96411,1,90,1,351,FixSpeedCam,מצלמת מהירות,4,צפון,צפונית ללוחמי הגיטאות,,קישור לקרטוש,קישור למפה,מאומת,משתמשי וויז,levin,12/06/2012,תוקנה,
9,35.09075,32.95182,2,80,1,166,SpeedRedCam,מצלמת רמזור ומהירות,4,דרום,צומת שומרת,4 ו-8510,קישור לקרטוש,קישור למפה,מאומת,משתמשי וויז,neo777/ghstain,11/08/2012,נוספה,
10,35.09254,32.89893,1,90,1,329,FixSpeedCam,מצלמת מהירות,4,צפון,ליד קניון עין המפרץ,,קישור לקרטוש,קישור למפה,מאומת,משתמשי וויז,levin,,,
82,34.97046,32.71023,2,80,1,9,SpeedRedCam,מצלמת רמזור ומהירות,4,צפון,צומת עתלית,,קישור לקרטוש,קישור למפה,מאומת,משתמשי וויז,antizada,24/02/2013,נוספה,
11,34.93037,32.50919,1,80,1,176,FixSpeedCam,מצלמת מהירות,4,דרום,בין אור עקיבא לבנימינה,,קישור לקרטוש,קישור למפה,מאומת,משתמשי וויז,nirzon,,,
12,34.92537,32.49421,1,90,1,21,FixSpeedCam,מצלמת מהירות,4,צפון,בין אור עקיבא לבנימינה,,קישור לקרטוש,קישור למפה,מאומת,משתמשי וויז,nirzon,21/02/2013,מהירות שונתה,
13,34.90812,32.42651,1,80,1,14,FixSpeedCam,מצלמת מהירות,4,צפון,דרומית לכיכר המשטרה חדרה,,קישור לקרטוש,קישור למפה,מאומת,בדיקה בשטח,avrika,,,
14,34.90693,32.42264,1,80,1,194,FixSpeedCam,מצלמת מהירות,4,דרום,דרומית לכיכר המשטרה חדרה,,קישור לקרטוש,קישור למפה,מאומת,משתמשי וויז,levin,,,
15,34.90426,32.32361,2,90,1,190,SpeedRedCam,מצלמת רמזור ומהירות,4,דרום,צומת השרון,בית ליד,קישור לקרטוש,קישור למפה,מאומת,בדיקה בשטח,levin,,,
16,34.85568,32.12424,2,90,1,43,SpeedRedCam,מצלמת רמזור ומהירות,4,צפון,צומת מורשה,,קישור לקרטוש,קישור למפה,מאומת,בדיקה בשטח,avrika,24/01/2013,תיקון מיקום,
17,34.84901,32.10512,1,90,1,12,FixSpeedCam,מצלמת מהירות,4,צפון,אחרי מחלף אם המושבות,,קישור לקרטוש,קישור למפה,מאומת,בדיקה בשטח,avrika,,,
18,34.66298,31.75346,2,90,1,220,SpeedRedCam,מצלמת רמזור ומהירות,4,דרום,צומת אמונים,,קישור לקרטוש,קישור למפה,מאומת,בדיקה בשטח,levin,,,
19,34.60964,31.67622,2,90,1,189,SpeedRedCam,מצלמת רמזור ומהירות,4,דרום,צומת סילבר,(אבא הילל סילבר),קישור לקרטוש,קישור למפה,מאומת,בדיקה בשטח,מיצו,08/06/2012,נוספה,
20,34.60654,31.66595,2,90,1,180,SpeedRedCam,מצלמת רמזור ומהירות,4,דרום,צומת ברכיה(פזכים),,קישור לקרטוש,קישור למפה,מאומת,צילום בשטח,מיצו/gamgam,03/04/2012,נוספה,
79,34.82581,32.13756,1,90,1,281,FixSpeedCam,מצלמת מהירות,5,מערב,אחרי מחלף הכפר הירוק,,קישור לקרטוש,קישור למפה,מאומת,בדיקה בשטח,nimrodtz/jrbi,26/02/2013,הוסרה,
75,34.86106,32.12205,1,100,1,115,FixSpeedCam,מצלמת מהירות,5,מזרח,מזרח מחלף מורשה,,קישור לקרטוש,קישור למפה,מאומת,בדיקה בשטח,mz333.il,28/01/2013,נוספה,
21,34.91241,32.11981,1,100,1,103,FixSpeedCam,מצלמת מהירות,5,מזרח,אחרי מחלף ירקון,,קישור לקרטוש,קישור למפה,מאומת,משתמשי וויז,beersh,16/12/2012,נוספה,
22,34.66376,31.65309,2,90,1,289,SpeedRedCam,מצלמת רמזור ומהירות,35,מערב,צומת גבעתי,,קישור לקרטוש,קישור למפה,מאומת,בדיקה בשטח,מיצו/avrika,17/06/2012,הותקנה מחדש,
23,34.92655,32.16506,2,90,1,207,SpeedRedCam,מצלמת רמזור ומהירות,40,דרום,צומת עם 531,ליד נווה ימין ,קישור לקרטוש,קישור למפה,מאומת,משתמשי וויז,levin,,,
24,34.90672,31.95679,2,90,1,158,SpeedRedCam,מצלמת רמזור ומהירות,40,דרום,צומת גנתון,,קישור לקרטוש,קישור למפה,מאומת,בדיקה בשטח,levin/avrika,,,
25,34.81929,31.87051,2,90,1,41,SpeedRedCam,מצלמת רמזור ומהירות,40,צפון,צומת בילו,,קישור לקרטוש,קישור למפה,מאומת,בדיקה בשטח,shmupi/elbaz,26/02/2013,הוסרה,
26,34.75812,31.73316,2,90,1,217,SpeedRedCam,מצלמת רמזור ומהירות,40,דרום,צומת ק.מלאכי,קסטינה,קישור לקרטוש,קישור למפה,מאומת,בדיקה בשטח,asafok/avrika,23/05/2012,נוספה,
27,34.76529,31.67862,1,90,1,335,FixSpeedCam,מצלמת מהירות,40,צפון,צומת ניר בנים,,קישור לקרטוש,קישור למפה,מאומת,בדיקה בשטח,מיצו/avrika,28/10/2012,נוספה,
28,34.76762,31.64318,1,90,1,159,FixSpeedCam,מצלמת מהירות,40,דרום,מדרום לצומת קוממיות,,קישור לקרטוש,קישור למפה,מאומת,בדיקה בשטח,מיצו/avrika,30/10/2012,נוספה,
29,34.75715,31.62566,2,90,1,61,SpeedRedCam,מצלמת רמזור ומהירות,40,צפון,צומת פלוגות,,קישור לקרטוש,קישור למפה,מאומת,בדיקה בשטח,avrika,,,
30,34.76405,31.55424,1,90,1,157,FixSpeedCam,מצלמת מהירות,40,דרום,צומת אחוזם,,קישור לקרטוש,קישור למפה,מאומת,בדיקה בשטח,avi elbaz,03/08/2012,החליפה את 138,
31,34.77575,31.47209,1,90,1,180,FixSpeedCam,מצלמת מהירות,40,דרום,בין מחלף מאחז לבית קמה,מול תחנת פז,קישור לקרטוש,קישור למפה,מאומת,בדיקה בשטח,מיצו,01/11/2012,שינוי מיקום קל,*
32,34.76615,31.44228,2,90,1,161,SpeedRedCam,מצלמת רמזור ומהירות,40,דרום,צומת בית קמה,,קישור לקרטוש,קישור למפה,מאומת,בדיקה בשטח,levin,,,
33,34.78522,32.03549,1,70,1,294,FixSpeedCam,מצלמת מהירות,44,מערב,צמוד לגשר מקווה ישראל ,,קישור לקרטוש,קישור למפה,מאומת,בדיקה בשטח,klayman/avrika,,,
34,34.78599,32.03481,1,70,1,114,FixSpeedCam,מצלמת מהירות,44,מזרח,צמוד לגשר מקווה ישראל ,בצל הגשר למזרח,קישור לקרטוש,קישור למפה,מאומת,בדיקה בשטח,avrika,,,
35,34.81552,32.00871,2,90,1,325,SpeedRedCam,מצלמת רמזור ומהירות,44,מערב,צומת השבעה,,קישור לקרטוש,קישור למפה,מאומת,בדיקה בשטח,avrika,,,
36,34.82083,32.00146,2,90,1,146,SpeedRedCam,מצלמת רמזור ומהירות,44,מזרח,צומת בית דגן,,קישור לקרטוש,קישור למפה,מאומת,בדיקה בשטח,levin/avrika,,,
37,34.85494,31.95498,1,90,1,332,FixSpeedCam,מצלמת מהירות,44,מערב,מערבית לצומת ניר צבי,,קישור לקרטוש,קישור למפה,מאומת,בדיקה בשטח,avrika,,,
38,34.86231,31.94361,1,90,1,140,FixSpeedCam,מצלמת מהירות,44,מזרח,לפני הכניסה הצפונית לרמלה,ליד תנו לחיות לחיות,קישור לקרטוש,קישור למפה,מאומת,בדיקה בשטח,miro235/avrika,,,
86,34.88496,31.92221,2,90,1,338,SpeedRedCam,מצלמת רמזור ומהירות,44,מערב,מחלף רמלוד לפני גשר כביש 40,רמזור העליה ל40 צפון,קישור לקרטוש,קישור למפה,מאומת,צילום בשטח,mitsu,08/06/2013,נוספה,
39,34.93776,32.17647,2,90,1,245,SpeedRedCam,מצלמת רמזור ומהירות,55,מערב,צומת נווה ימין ,צפונית ל531,קישור לקרטוש,קישור למפה,מאומת,בדיקה בשטח,levin/ronen_r99,,,
40,34.82595,31.25703,2,90,1,48,SpeedRedCam,מצלמת רמזור ומהירות,60,צפון,ליד מחלף חטיבת הנגב,,קישור לקרטוש,קישור למפה,מאומת,משתמשי וויז,levin,,,
41,34.91409,32.46486,2,90,1,282,SpeedRedCam,מצלמת רמזור ומהירות,65,מערב,צומת נחל חדרה,,קישור לקרטוש,קישור למפה,מאומת,בדיקה בשטח,levin,,,
42,34.96174,32.44928,2,90,1,245,SpeedRedCam,מצלמת רמזור ומהירות,65,מערב,צומת אלון(עם כביש 650),לפני גן שמואל,קישור לקרטוש,קישור למפה,מאומת,משתמשי וויז,shmupi/מיצו,11/08/2012,נוספה,
43,34.98664,32.45898,2,90,1,242,SpeedRedCam,מצלמת רמזור ומהירות,65,מערב,צומת חנה,,קישור לקרטוש,קישור למפה,מאומת,בדיקה בשטח,shmupi/מיצו,15/08/2012,תיקון כיוון ומיקום,
44,35.06339,32.49733,2,90,1,240,SpeedRedCam,מצלמת רמזור ומהירות,65,מערב,צומת כפר קרע,,קישור לקרטוש,קישור למפה,מאומת,משתמשי וויז,neo777,17/08/2012,נוספה,
45,35.07428,32.50153,1,90,1,257,FixSpeedCam,מצלמת מהירות,65,מערב,מערבית לערערה,,קישור לקרטוש,קישור למפה,מאומת,בדיקה בשטח,shmupi,,,
46,35.09873,32.50634,1,90,1,83,FixSpeedCam,מצלמת מהירות,65,מזרח,מול משטרת עירון ,,קישור לקרטוש,קישור למפה,מאומת,בדיקה בשטח,shmupi,,,
47,35.18109,32.56841,1,90,1,238,FixSpeedCam,מצלמת מהירות,65,מערב, דרומית לצומת מגידו,,קישור לקרטוש,קישור למפה,מאומת,בדיקה בשטח,shmupi,,,
48,35.35102,32.64332,2,90,1,64,SpeedRedCam,מצלמת רמזור ומהירות,65,מזרח,צומת דברת,,קישור לקרטוש,קישור למפה,מאומת,צילום בשטח,מיצו,20/11/2012,נוספה,
70,35.40455,32.67133,1,80,2,23,FixSpeedCam,מצלמת מהירות,65,מזרח,בין צומת תבור לצומת גזית,דו כיוונית,קישור לקרטוש,קישור למפה,מאומת,צילום בשטח,maozpe,04/01/2013,נוספה,
80,35.16364,32.94151,2,90,1,9,SpeedRedCam,מצלמת רמזור ומהירות,70,צפון,צומת ג'וליס,,קישור לקרטוש,קישור למפה,מאומת,משתמשי וויז,ןizhakwizman,17/02/2013,נוספה,
49,35.18158,32.89321,2,90,1,153,SpeedRedCam,מצלמת רמזור ומהירות,70,דרום,צומת יבור,,קישור לקרטוש,קישור למפה,מאומת,בדיקה בשטח,Denning,,,
50,35.15196,32.82451,2,90,1,198,SpeedRedCam,מצלמת רמזור ומהירות,70,דרום,צומת אבליים,,קישור לקרטוש,קישור למפה,מאומת,בדיקה בשטח,Denning,,,
51,34.96758,32.58299,2,90,1,286,SpeedRedCam,מצלמת רמזור ומהירות,70,דרום,צומת שפיה למערב,,קישור לקרטוש,קישור למפה,מאומת,בדיקה בשטח,levin,,,
72,35.33481,32.56851,1,80,2,295,FixSpeedCam,מצלמת מהירות,71,מערב,"על 71 כק""מ מערבית לצומת נבות",דו כיוונית,קישור לקרטוש,קישור למפה,מאומת,צילום בשטח,levin,22/01/2013,נוספה,
71,35.48272,32.52128,1,80,2,122,FixSpeedCam,מצלמת מהירות,71,מזרח,שדה נחום על 71,דו כיוונית,קישור לקרטוש,קישור למפה,מאומת,צילום בשטח,eynatla,19/01/2013,נוספה,
52,35.13625,32.70972,2,90,1,97,SpeedRedCam,מצלמת רמזור ומהירות,75,מזרח,צומת השומרים,,קישור לקרטוש,קישור למפה,מאומת,משתמשי וויז,alonshar,20/11/2012,נוספה,
69,35.16259,32.70631,2,90,1,287,SpeedRedCam,מצלמת רמזור ומהירות,75,מערב,צומת ישי,,קישור לקרטוש,קישור למפה,מאומת,צילום בשטח,,03/01/2013,נוספה,
73,35.23211,32.69413,1,80,2,74,FixSpeedCam,מצלמת מהירות,75,מזרח,בין מגדל העמק לכפר החורש,דו כיוונית,קישור לקרטוש,קישור למפה,מאומת,משתמשי וויז,erez_lm/orenfl,24/01/2013,נוספה,
53,35.09182,32.92165,2,60,1,111,SpeedRedCam,מצלמת רמזור ומהירות,85,מזרח,בעכו צומת בן עמי-בן שושן,מצלמה עירונית,קישור לקרטוש,קישור למפה,מאומת,משתמשי וויז,izhakwizman,25/12/2012,נוספה,
54,35.16661,32.91191,2,90,1,90,SpeedRedCam,מצלמת רמזור ומהירות,85,מזרח,צומת אחיהוד,,קישור לקרטוש,קישור למפה,מאומת,משתמשי וויז,Denning,24/01/2013,הוסרה,
55,35.41749,32.92232,2,90,1,124,SpeedRedCam,מצלמת רמזור ומהירות,85,מזרח,צומת חלפתא,,קישור לקרטוש,קישור למפה,מאומת,דיווח מהאתר,מיצו,09/12/2012,נוספה,
56,35.14328,33.01647,2,90,1,266,SpeedRedCam,מצלמת רמזור ומהירות,89,מערב,צומת כברי,,קישור לקרטוש,קישור למפה,מאומת,דיווח מהאתר,פורום אופנועים,15/08/2012,נוספה,
83,34.89448,32.14363,2,70,1,358,SpeedRedCam,מצלמת רמזור ומהירות,412,צפון,צומת דרך רמתיים-412 וז'בוטינסקי,,קישור לקרטוש,קישור למפה,מאומת,משתמשי וויז,מיצו,27/02/2013,נוספה,
57,34.94071,32.13717,2,90,1,34,SpeedRedCam,מצלמת רמזור ומהירות,444,צפון,צומת חגור,,קישור לקרטוש,קישור למפה,מאומת,צילום בשטח,hirari/beersh/מיצו,06/04/2012,אומתה,
58,34.94063,32.11506,2,90,1,208,SpeedRedCam,מצלמת רמזור ומהירות,444,דרום,צומת קסם,,קישור לקרטוש,קישור למפה,מאומת,משתמשי וויז,beersh,21/08/2012,נוספה,
81,34.87997,32.02776,2,60,1,116,SpeedRedCam,מצלמת רמזור ומהירות,461,מזרח,צומת סביונים,,קישור לקרטוש,קישור למפה,מאומת,בדיקה בשטח,sharon,19/02/2013,נוספה,
59,35.23302,32.83017,1,60,2,91,FixSpeedCam,מצלמת מהירות,784,דרום,מזרחית לצומת מורשת,דו כיוונית,קישור לקרטוש,קישור למפה,מאומת,בדיקה בשטח,levin,31/07/2012,מהירות עודכנה,
60,35.24609,32.81156,1,80,2,216,FixSpeedCam,מצלמת מהירות,784,צפון,מערבית לכפר מנדא למערב,דו כיוונית,קישור לקרטוש,קישור למפה,מאומת,בדיקה בשטח,levin,,,
61,35.23137,32.87706,1,80,2,112,FixSpeedCam,מצלמת מהירות,805,מזרח,בין יעד לשעב,דו כיוונית,קישור לקרטוש,קישור למפה,מאומת,צילום בשטח,מיצו/אורן,13/12/2012,נוספה,
62,34.80371,32.08309,2,50,1,263,SpeedRedCam,מצלמת רמזור ומהירות,"ר""ג",מערב,צומת עלית ז'בוטנסקי,,קישור לקרטוש,קישור למפה,מאומת,משתמשי וויז,,20/11/2012,נוספה,
63,34.79346,32.09962,2,50,1,353,SpeedRedCam,מצלמת רמזור ומהירות,"ת""א",צפון,נמיר צפון בצומת עם רוקח,,קישור לקרטוש,קישור למפה,מאומת,משתמשי וויז,שמופי,26/11/2012,נוספה,
64,34.78371,32.04686,2,50,1,92,SpeedRedCam,מצלמת רמזור ומהירות,"ת""א",מזרח,צומת הולץ על קיבוץ גלויות,,קישור לקרטוש,קישור למפה,מאומת,בדיקה בשטח,מיצו/Avrika,10/12/2012,נוספה,
65,34.78413,32.04696,2,50,1,272,SpeedRedCam,מצלמת רמזור ומהירות,"ת""א",מערב,צומת הולץ על קיבוץ גלויות ,,קישור לקרטוש,קישור למפה,מאומת,בדיקה בשטח,aladt/מיצו/שמופי,30/11/2012,נוספה,
66,35.20391,31.80617,2,70,1,22,SpeedRedCam,מצלמת רמזור ומהירות,י-ם,צפון,צומת גולדה(463) ויגאל ידין,על הירידה ל-1 מזרח,קישור לקרטוש,קישור למפה,מאומת,משתמשי וויז,beersh,31/12/2012,מהירות תוקנה,
67,35.22202,31.75613,2,50,1,39,SpeedRedCam,מצלמת רמזור ומהירות,י-ם,צפון,צומת דרך חברון ודניאל ינובסקי,,קישור לקרטוש,קישור למפה,מאומת,משתמשי וויז,,28/12/2012,נוספה,
68,35.21885,31.75005,2,50,1,205,SpeedRedCam,מצלמת רמזור ומהירות,י-ם,דרום,צומת דרך חברון והתנופה,,קישור לקרטוש,קישור למפה,מאומת,צילום בשטח,,31/12/2012,נוספה,
76,35.19415,31.77364,1,80,1,171,FixSpeedCam,מצלמת מהירות,י-ם,דרום,דרך בגין מחלף גבעת מרדכי,לפני המחלף,קישור לקרטוש,קישור למפה,מאומת,צילום בשטח,מיצו,28/02/2013,תיקון מיקום,
78,35.19448,31.77249,1,80,1,14,FixSpeedCam,מצלמת מהירות,י-ם,צפון,דרך בגין מחלף גבעת מרדכי,אחרי המחלף,קישור לקרטוש,קישור למפה,מאומת,משתמשי וויז,mclab/מיצו,28/02/2013,תיקון מיקום,
77,34.85941,32.09205,2,50,1,95,SpeedRedCam,מצלמת רמזור ומהירות,"פ""ת",מזרח,דרך ז'בטונסקי על שחם,,קישור לקרטוש,קישור למפה,מאומת,בדיקה בשטח,raffiaa/מיצו,04/02/2013,נוספה,
74,34.79196,32.01002,2,50,1,94,SpeedRedCam,מצלמת רמזור ומהירות,חולון,מזרח,צומת משה שרת - אלופי צהל,,קישור לקרטוש,קישור למפה,מאומת,בדיקה בשטח,avrika,24/01/2013,נוספה,
85,34.89121,32.17539,2,50,1,140,SpeedRedCam,מצלמת רמזור ומהירות,"כפ""ס",מזרח,טשרנחובסקי-דרך השרון/402,,קישור לקרטוש,קישור למפה,מאומת,צילום בשטח,מיצו,22/05/2013,נוספה,
86,LastNum,,,,,,,,,,,,,,,,,,,
,,,,,,,,דחלילי מהירות,,,,,,,,,,,,
400,35.18723,31.80277,6,151,1,113,Dummy,דחליל,1,מזרח,לפני הכניסה למנהרה,,קישור לקרטוש,קישור למפה,מאומת,בדיקה בשטח,avrika,,,
401,35.18917,31.80221,6,151,1,290,Dummy,דחליל,1,מערב,ביציאה מהמנהרה,,קישור לקרטוש,קישור למפה,מאומת,בדיקה בשטח,avrika,,,
402,35.09424,32.97999,6,151,1,11,Dummy,דחליל,4,צפון,צומת שבי ציון,,קישור לקרטוש,קישור למפה,מאומת,משתמשי וויז,levin,26/02/2012,התווסף,
403,35.09231,32.94868,6,151,1,141,Dummy,דחליל,4,דרום,מול קיבוץ שומרת,,קישור לקרטוש,קישור למפה,מאומת,משתמשי וויז,levin,26/02/2012,התווסף,
404,34.90809,32.35084,6,151,1,171,Dummy,דחליל,4,דרום,לפני צומת רופין,,קישור לקרטוש,קישור למפה,מאומת,,,26/02/2012,התווסף,
405,34.90831,32.34911,6,151,1,361,Dummy,דחליל,4,צפון,אחרי צומת רופין,,קישור לקרטוש,קישור למפה,מאומת,,,26/02/2012,התווסף,
406,34.90759,32.34267,6,151,1,186,Dummy,דחליל,4,דרום,אחרי צומת רופין,,קישור לקרטוש,קישור למפה,מאומת,בדיקה בשטח,avrika,,,
407,34.90628,32.33329,6,151,1,11,Dummy,דחליל,4,צפון,"כק""מ אחרי צומת השרון",,קישור לקרטוש,קישור למפה,מאומת,בדיקה בשטח,avrika,,,
408,34.90176,32.31087,6,151,1,190,Dummy,דחליל,4,דרום,לפני פרדסיה,,קישור לקרטוש,קישור למפה,מאומת,משתמשי וויז,antizada/gshtain,27/02/2012,התווסף,
409,34.90158,32.30888,6,151,1,11,Dummy,דחליל,4,צפון,מיד אחרי פרדסיה,,קישור לקרטוש,קישור למפה,מאומת,בדיקה בשטח,avrika,,,
410,34.89983,32.30072,6,151,1,191,Dummy,דחליל,4,דרום,דרומית לצומת פרדסיה,,קישור לקרטוש,קישור למפה,מאומת,בדיקה בשטח,avrika,,,
411,34.89811,32.29026,6,151,1,11,Dummy,דחליל,4,צפון,"כ2 ק""מ לפני פרדסיה",,קישור לקרטוש,קישור למפה,מאומת,בדיקה בשטח,avrika,,,
412,34.89358,32.26754,6,151,1,190,Dummy,דחליל,4,דרום,"כק""מ לפני צומת בני דרור",,קישור לקרטוש,קישור למפה,מאומת,בדיקה בשטח,avrika,,,
413,34.89336,32.26507,6,151,1,11,Dummy,דחליל,4,צפון,"כק""מ אחרי צומת בני דרור",,קישור לקרטוש,קישור למפה,מאומת,בדיקה בשטח,avrika,,,
414,34.88748,32.24282,6,151,1,193,Dummy,דחליל,4,דרום, לפני מחלף הדרים,,קישור לקרטוש,קישור למפה,מאומת,משתמשי וויז,gshtain,07/03/2012,התווסף,
416,34.88377,32.23032,6,151,1,196,Dummy,דחליל,4,דרום,"כ2ק""מ לפני בצרה",,קישור לקרטוש,קישור למפה,מאומת,בדיקה בשטח,avrika,,,
417,34.88307,32.22379,6,151,1,357,Dummy,דחליל,4,צפון,"כ2 ק""מ צפונית לבצרה",,קישור לקרטוש,קישור למפה,מאומת,בדיקה בשטח,avrika,,,
418,34.88398,32.20958,6,151,1,357,Dummy,דחליל,4,צפון,מול הכניסה לבצרה,,קישור לקרטוש,קישור למפה,מאומת,בדיקה בשטח,avrika,,,
419,34.88076,32.16656,6,151,1,216,Dummy,דחליל,4,דרום,"כ1 ק""מ אחרי צומת רעננה דרום",,קישור לקרטוש,קישור למפה,מאומת,בדיקה בשטח,avrika,,,
420,34.87782,32.16219,6,151,1,213,Dummy,דחליל,4,דרום,"כ2 ק""מ אחרי צומת רעננה דרום",,קישור לקרטוש,קישור למפה,מאומת,בדיקה בשטח,avrika,,,
422,34.87191,32.13801,6,151,1,204,Dummy,דחליל,4,דרום,"כ3 ק""מ לפני מחלף מורשה",,קישור לקרטוש,קישור למפה,מאומת,בדיקה בשטח,avrika,,,
423,34.86347,32.12691,6,151,1,85,Dummy,דחליל,4,צפון,"כק""מ צפונית למורשה",,קישור לקרטוש,קישור למפה,מאומת,בדיקה בשטח,avrika,,,
424,34.79674,31.98727,6,151,1,23,Dummy,דחליל,4,צפון,"ק""מ אחרי מחלף ראשון(דיין",,קישור לקרטוש,קישור למפה,מאומת,בדיקה בשטח,avrika,,,
425,34.79403,31.98144,6,151,1,203,Dummy,דחליל,4,דרום,אחרי היציאה למחלף ראשון,,קישור לקרטוש,קישור למפה,מאומת,בדיקה בשטח,avrika,,,
426,34.75261,31.94933,6,151,1,46,Dummy,דחליל,4,צפון,צמוד ליציאה למחלף חולות 99,,קישור לקרטוש,קישור למפה,מאומת,בדיקה בשטח,avrika,,,
427,34.74737,31.94471,6,151,1,226,Dummy,דחליל,4,דרום,"99 כ- 2 ק""מ אחרי מחלף חולות",,קישור לקרטוש,קישור למפה,מאומת,בדיקה בשטח,avrika,,,
428,34.74023,31.92601,6,151,1,187,Dummy,דחליל,4,דרום,"96.8 כ- 4 ק""מ אחרי מחלף חולות",,קישור לקרטוש,קישור למפה,מאומת,בדיקה בשטח,avrika,,,
429,34.74007,31.92225,6,151,1,7,Dummy,דחליל,4,צפון,"ק""מ אחרי גשר כביש פלמחים",,קישור לקרטוש,קישור למפה,מאומת,בדיקה בשטח,avrika,,,
430,34.73889,31.91501,6,151,1,187,Dummy,דחליל,4,דרום,"95.5 לפני מחלף יבנה כ3 ק""מ",,קישור לקרטוש,קישור למפה,מאומת,בדיקה בשטח,avrika,,,
431,34.73481,31.90001,6,151,1,25,Dummy,דחליל,4,צפון,מייד אחרי מחלף יבנה ,,קישור לקרטוש,קישור למפה,מאומת,בדיקה בשטח,avrika,,,
432,34.72276,31.87902,6,151,1,34,Dummy,דחליל,4,צפון,"כ-1.5 ק""מ לפני מחלף יבנה",,קישור לקרטוש,קישור למפה,מאומת,בדיקה בשטח,avrika,,,
433,34.71848,31.87331,6,151,1,212,Dummy,דחליל,4,דרום,90.5  אחרי מחלף יבנה,,קישור לקרטוש,קישור למפה,מאומת,בדיקה בשטח,avrika,,,
434,34.71029,31.84928,6,151,1,180,Dummy,דחליל,4,דרום,"כ-3 ק""מ אחרי מחלף אשדוד87.7",,קישור לקרטוש,קישור למפה,מאומת,בדיקה בשטח,avrika,,,
435,34.64548,31.74141,6,151,1,210,Dummy,דחליל,4,דרום,צומת בית עזרא לפני צומת ניצנים,,קישור לקרטוש,קישור למפה,מאומת,בדיקה בשטח,avrika,,,
436,34.63608,31.72502,6,151,1,210,Dummy,דחליל,4,דרום,צומת ניצנים,,קישור לקרטוש,קישור למפה,מאומת,בדיקה בשטח,avrika,,,
437,34.75529,31.72516,6,151,1,195,Dummy,דחליל,40,דרום,מעט אחרי צומת קסטינה,,קישור לקרטוש,קישור למפה,מאומת,בדיקה בשטח,avrika,,,
438,34.75366,31.71878,6,151,1,192,Dummy,דחליל,40,דרום,צומת תימורים,,קישור לקרטוש,קישור למפה,מאומת,בדיקה בשטח,avrika,,,
439,34.76531,31.67792,6,151,1,154,Dummy,דחליל,40,דרום,צומת ניר בנים,,קישור לקרטוש,קישור למפה,מאומת,בדיקה בשטח,avrika,,,
440,34.76444,31.65225,6,151,1,339,Dummy,דחליל,40,צפון,צומת קוממיות,,קישור לקרטוש,קישור למפה,מאומת,בדיקה בשטח,avrika,,,
441,34.76479,31.65061,6,151,1,159,Dummy,דחליל,40,דרום,צומת קוממיות,,קישור לקרטוש,קישור למפה,מאומת,בדיקה בשטח,avrika,,,
442,34.75911,31.57402,6,151,1,8,Dummy,דחליל,40,צפון,צומת אבן שמואל,,קישור לקרטוש,קישור למפה,מאומת,בדיקה בשטח,avrika,18/02/2012,התווסף,
443,34.75874,31.57283,6,151,1,188,Dummy,דחליל,40,דרום,צומת אבן שמואל,,קישור לקרטוש,קישור למפה,מאומת,בדיקה בשטח,avrika,18/02/2012,התווסף,
445,34.77642,31.43263,6,151,1,308,Dummy,דחליל,40,צפון,דרומית לצומת בית קמא,,קישור לקרטוש,קישור למפה,מאומת,בדיקה בשטח,avrika,18/02/2012,התווסף,
446,34.77621,31.43255,6,151,1,129,Dummy,דחליל,40,דרום,דרומית לצומת בית קמא,,קישור לקרטוש,קישור למפה,מאומת,בדיקה בשטח,avrika,10/02/2012,התווסף,
447,34.78711,31.31889,6,151,1,173,Dummy,דחליל,40,דרום,לפני צומת גורל,,קישור לקרטוש,קישור למפה,באימות,,,26/02/2012,התווסף,
448,34.79121,31.28679,6,151,1,173,Dummy,דחליל,40,דרום,לפני הכניסה לבאר שבע,,קישור לקרטוש,קישור למפה,באימות,,,26/02/2012,התווסף,
449,35.40886,32.77399,6,151,1,4,Dummy,דחליל,65,צפון,צומת גולני,,קישור לקרטוש,קישור למפה,מאומת,צילום בשטח,maozpe,25/12/2012,נוספה,
450,35.41881,32.77931,6,151,1,248,Dummy,דחליל,77,מערב,לפני לצומת גולני,,קישור לקרטוש,קישור למפה,מאומת,צילום בשטח,maozpe,25/12/2012,נוספה,
451,35.18114,32.91215,6,151,1,253,Dummy,דחליל,85,מערב,צומת א.ת. בר לב,לא פעילה,קישור לקרטוש,קישור למפה,מאומת,משתמשי וויז,levin,24/02/2012,אימות,
452,35.18292,32.91241,6,151,1,77,Dummy,דחליל,85,מזרח,צומת א.ת. בר לב,לא פעילה,קישור לקרטוש,קישור למפה,מאומת,משתמשי וויז,gshtain/levin,23/02/2012,התווסף,
453,35.19997,32.91389,6,151,1,275,Dummy,דחליל,85,מערב,מערבית לגילון,בירידות מגילון,קישור לקרטוש,קישור למפה,מאומת,משתמשי וויז,levin,24/02/2012,אימות,
454,35.20985,32.91163,6,151,1,100,Dummy,דחליל,85,מזרח,מערבית לגילון,בעליות לגילון,קישור לקרטוש,קישור למפה,מאומת,משתמשי וויז,levin,24/02/2012,אימות,
455,35.22767,32.91502,6,151,1,78,Dummy,דחליל,85,מזרח,צומת גילון,לא פעילה,קישור לקרטוש,קישור למפה,מאומת,משתמשי וויז,levin,24/02/2012,התווסף,
456,35.23534,32.91654,6,151,1,262,Dummy,דחליל,85,מערב,מערבית למג'ד אל כרום,,קישור לקרטוש,קישור למפה,מאומת,משתמשי וויז,levin,24/02/2012, שונה לדחליל,
457,35.25331,32.91596,6,151,1,274,Dummy,דחליל,85,מערב,מול מג'ד אל כרום,לא פעילה,קישור לקרטוש,קישור למפה,מאומת,משתמשי וויז,levin,19/02/2012,התווסף,
458,35.26662,32.91845,6,151,1,70,Dummy,דחליל,85,מזרח,צומת מג'ד אל כרום,מושחתת- אמת כדחליל,קישור לקרטוש,קישור למפה,מאומת,משתמשי וויז,levin,08/03/2012,שונה לדחליל,
459,35.28793,32.92466,6,151,1,78,Dummy,דחליל,85,מזרח,מערבית לכרמיאל,,קישור לקרטוש,קישור למפה,מאומת,משתמשי וויז,levin/dn45,08/02/2012,אומת,
460,35.28921,32.92502,6,151,1,259,Dummy,דחליל,85,מערב,מערבית לכרמיאל,,קישור לקרטוש,קישור למפה,מאומת,משתמשי וויז,levin/dn45,08/02/2012,אומת,
460,LastNum,,,,,,,,,,,,,,,,,,,
,,,,,,,,,,,,,,,,,,,,
,,,,,,,דחלילי מהירות בערים,,,,,,,,,,,,,
500,34.84715,32.28114,6,151,1,141,Dummy,דחליל,נתניה,דר-מז,בן גוריון,לפני צומת פולג,קישור לקרטוש,קישור למפה,מאומת,בדיקה בשטח,tsahibg/gshtain,09/02/2012,תזוזת מיקום,
501,34.84752,32.28109,6,151,1,320,Dummy,דחליל,נתניה,צפ-מע,בן גוריון,אחרי צומת פולג,קישור לקרטוש,קישור למפה,מאומת,בדיקה בשטח,tsahibg/gshtain,09/02/2012,תזוזת מיקום,
502,35.00372,31.91109,6,151,1,299,Dummy,דחליל,מודיעין,צפ-מע,עמק בית שאן,,קישור לקרטוש,קישור למפה,מאומת,משתמשי וויז,dudees,,,
503,35.02111,31.89518,6,151,1,81,Dummy,דחליל,מודיעין,מזרח,עמק החולה,,קישור לקרטוש,קישור למפה,מאומת,משתמשי וויז,gshtain/dannytag,22/08/2012,תזוזת מיקום,
504,35.19626,31.78168,6,151,1,218,Dummy,דחליל,י-ם,דרום,שד' מנחם בגין מחלף קריית משה,ליד הירידה ,קישור לקרטוש,קישור למפה,מאומת,בדיקה בשטח,tyoga,10/04/2012,שונה לדחליל,
505,35.19621,31.78116,6,151,1,38,Dummy,דחליל,י-ם,צפון,שד' מנחם בגין מחלף קריית משה,מיד אחרי העליה,קישור לקרטוש,קישור למפה,מאומת,בדיקה בשטח,eyalco99/tyoga,10/04/2012,שונה לדחליל,
506,35.19384,31.77475,6,151,1,171,Dummy,דחליל,י-ם,דרום,שד' מנחם בגין מול האוניברסיטה,,קישור לקרטוש,קישור למפה,מאומת,בדיקה בשטח,gshtain,12/02/2012,התווסף,
507,35.19421,31.77437,6,151,1,348,Dummy,דחליל,י-ם,צפון,שד' מנחם בגין מול האוניברסיטה,,קישור לקרטוש,קישור למפה,מאומת,בדיקה בשטח,gshtain,12/02/2012,התווסף,
508,35.19328,31.76237,6,151,1,161,Dummy,דחליל,י-ם,דרום,שד' מנחם בגין לפני היציאה,מול עמק צבאים,קישור לקרטוש,קישור למפה,מאומת,בדיקה בשטח,tyoga/azrco,04/03/2012,אומת,
509,35.19371,31.76226,6,151,1,341,Dummy,דחליל,י-ם,צפון,שד' מנחם בגין אחרי הכניסה,מול עמק צבאים,קישור לקרטוש,קישור למפה,מאומת,בדיקה בשטח,azrco,08/03/2012,אומת,
510,34.82169,32.10611,6,151,1,84,Dummy,דחליל,"ת""א",מזרח,דרך בכור שלום שיטרית,ליד איצטדיון הדר יוסף,קישור לקרטוש,קישור למפה,מאומת,משתמשי וויז,scorpy11,07/08/2012,התווסף,
510,LastNum,,,,,,,,,,,,,,,,,,,
,,,,,מפתח לסוגי המצלמות,,,,,,,,,,,,,,,
,,,1,,Fixe speed camera ,,,,,,,,,,,,,,,
,,,2,,Fixed speed camera and redlight camera ,,,,,,,,,,,,,,,
,,,3,,Redlight camera ,,,,,,,,,,,,,,,
,,,4,,average speed cameras,,,,,,,,,,,,,,,
,,,5,,Mobile speed camera,,,,,,,,,,,,,,,
,,,6,,Dummy,,,,,,,,,,,,,,,